Zips,CCAs
94002,Peninsula Clean Energy
94005,Peninsula Clean Energy
94010,Peninsula Clean Energy
94011,Peninsula Clean Energy
94014,Peninsula Clean Energy
94014,CleanPowerSF
94015,Peninsula Clean Energy
94017,Peninsula Clean Energy
94018,Peninsula Clean Energy
94019,Peninsula Clean Energy
94020,Peninsula Clean Energy
94020,Silicon Valley Clean Energy
94021,Peninsula Clean Energy
94022,Silicon Valley Clean Energy
94023,Silicon Valley Clean Energy
94024,Silicon Valley Clean Energy
94025,Peninsula Clean Energy
94026,Peninsula Clean Energy
94027,Peninsula Clean Energy
94028,Peninsula Clean Energy
94028,Silicon Valley Clean Energy
94030,Peninsula Clean Energy
94035,Silicon Valley Clean Energy
94037,Peninsula Clean Energy
94038,Peninsula Clean Energy
94039,Silicon Valley Clean Energy
94040,Silicon Valley Clean Energy
94041,Silicon Valley Clean Energy
94042,Silicon Valley Clean Energy
94043,Silicon Valley Clean Energy
94044,Peninsula Clean Energy
94060,Peninsula Clean Energy
94061,Peninsula Clean Energy
94062,Peninsula Clean Energy
94063,Peninsula Clean Energy
94064,Peninsula Clean Energy
94065,Peninsula Clean Energy
94066,Peninsula Clean Energy
94070,Peninsula Clean Energy
94074,Peninsula Clean Energy
94080,Peninsula Clean Energy
94083,Peninsula Clean Energy
94085,Silicon Valley Clean Energy
94086,Silicon Valley Clean Energy
94087,Silicon Valley Clean Energy
94088,Silicon Valley Clean Energy
94089,Silicon Valley Clean Energy
94102,CleanPowerSF
94103,CleanPowerSF
94104,CleanPowerSF
94105,CleanPowerSF
94107,CleanPowerSF
94108,CleanPowerSF
94109,CleanPowerSF
94110,CleanPowerSF
94111,CleanPowerSF
94112,CleanPowerSF
94112,Peninsula Clean Energy
94114,CleanPowerSF
94115,CleanPowerSF
94116,CleanPowerSF
94117,CleanPowerSF
94118,CleanPowerSF
94119,CleanPowerSF
94121,CleanPowerSF
94122,CleanPowerSF
94123,CleanPowerSF
94124,CleanPowerSF
94125,Peninsula Clean Energy
94126,CleanPowerSF
94127,CleanPowerSF
94128,Peninsula Clean Energy
94129,CleanPowerSF
94130,CleanPowerSF
94131,CleanPowerSF
94132,CleanPowerSF
94133,CleanPowerSF
94134,CleanPowerSF
94134,Peninsula Clean Energy
94140,CleanPowerSF
94141,CleanPowerSF
94143,CleanPowerSF
94146,CleanPowerSF
94147,CleanPowerSF
94158,CleanPowerSF
94159,CleanPowerSF
94164,CleanPowerSF
94188,CleanPowerSF
94301,Silicon Valley Clean Energy
94302,Silicon Valley Clean Energy
94303,Peninsula Clean Energy
94303,Silicon Valley Clean Energy
94304,Silicon Valley Clean Energy
94305,Silicon Valley Clean Energy
94306,Silicon Valley Clean Energy
94309,Silicon Valley Clean Energy
94401,Peninsula Clean Energy
94402,Peninsula Clean Energy
94403,Peninsula Clean Energy
94404,Peninsula Clean Energy
94497,Peninsula Clean Energy
94501,Ava Community Energy
94502,Ava Community Energy
94503,MCE Clean Energy
94503,MCE Clean Energy
94505,MCE Clean Energy
94505,Ava Community Energy
94506,MCE Clean Energy
94507,MCE Clean Energy
94508,MCE Clean Energy
94509,MCE Clean Energy
94510,MCE Clean Energy
94511,MCE Clean Energy
94512,MCE Clean Energy
94513,MCE Clean Energy
94514,MCE Clean Energy
94514,Ava Community Energy
94515,MCE Clean Energy
94515,Sonoma Clean Power
94516,MCE Clean Energy
94517,MCE Clean Energy
94518,MCE Clean Energy
94519,MCE Clean Energy
94520,MCE Clean Energy
94521,MCE Clean Energy
94522,MCE Clean Energy
94523,MCE Clean Energy
94524,MCE Clean Energy
94525,MCE Clean Energy
94526,MCE Clean Energy
94528,MCE Clean Energy
94530,MCE Clean Energy
94531,MCE Clean Energy
94533,MCE Clean Energy
94534,MCE Clean Energy
94534,MCE Clean Energy
94535,MCE Clean Energy
94536,Ava Community Energy
94537,Ava Community Energy
94538,Ava Community Energy
94539,Ava Community Energy
94540,Ava Community Energy
94541,Ava Community Energy
94542,Ava Community Energy
94543,Ava Community Energy
94544,Ava Community Energy
94545,Ava Community Energy
94546,Ava Community Energy
94547,MCE Clean Energy
94548,MCE Clean Energy
94549,MCE Clean Energy
94550,Ava Community Energy
94550,Silicon Valley Clean Energy
94551,Ava Community Energy
94551,MCE Clean Energy
94552,Ava Community Energy
94553,MCE Clean Energy
94555,Ava Community Energy
94556,MCE Clean Energy
94557,Ava Community Energy
94558,MCE Clean Energy
94558,MCE Clean Energy
94559,MCE Clean Energy
94560,Ava Community Energy
94561,MCE Clean Energy
94562,MCE Clean Energy
94563,MCE Clean Energy
94563,Ava Community Energy
94564,MCE Clean Energy
94565,MCE Clean Energy
94566,Ava Community Energy
94567,MCE Clean Energy
94568,Ava Community Energy
94568,MCE Clean Energy
94569,MCE Clean Energy
94570,MCE Clean Energy
94571,MCE Clean Energy
94572,MCE Clean Energy
94573,MCE Clean Energy
94574,MCE Clean Energy
94574,Sonoma Clean Power
94575,MCE Clean Energy
94576,MCE Clean Energy
94577,Ava Community Energy
94578,Ava Community Energy
94579,Ava Community Energy
94580,Ava Community Energy
94581,MCE Clean Energy
94582,MCE Clean Energy
94583,MCE Clean Energy
94585,MCE Clean Energy
94586,Ava Community Energy
94587,Ava Community Energy
94588,Ava Community Energy
94588,MCE Clean Energy
94589,MCE Clean Energy
94590,MCE Clean Energy
94591,MCE Clean Energy
94591,MCE Clean Energy
94592,MCE Clean Energy
94595,MCE Clean Energy
94596,MCE Clean Energy
94597,MCE Clean Energy
94598,MCE Clean Energy
94599,MCE Clean Energy
94601,Ava Community Energy
94602,Ava Community Energy
94603,Ava Community Energy
94604,Ava Community Energy
94605,Ava Community Energy
94606,Ava Community Energy
94607,Ava Community Energy
94608,Ava Community Energy
94609,Ava Community Energy
94610,Ava Community Energy
94611,Ava Community Energy
94611,MCE Clean Energy
94612,Ava Community Energy
94613,Ava Community Energy
94614,Ava Community Energy
94615,Ava Community Energy
94618,Ava Community Energy
94619,Ava Community Energy
94620,Ava Community Energy
94621,Ava Community Energy
94623,Ava Community Energy
94624,Ava Community Energy
94661,Ava Community Energy
94662,Ava Community Energy
94666,Ava Community Energy
94701,Ava Community Energy
94702,Ava Community Energy
94703,Ava Community Energy
94704,Ava Community Energy
94705,Ava Community Energy
94706,Ava Community Energy
94706,MCE Clean Energy
94707,Ava Community Energy
94707,MCE Clean Energy
94708,Ava Community Energy
94708,MCE Clean Energy
94709,Ava Community Energy
94710,Ava Community Energy
94712,Ava Community Energy
94720,Ava Community Energy
94801,MCE Clean Energy
94802,MCE Clean Energy
94803,MCE Clean Energy
94804,MCE Clean Energy
94805,MCE Clean Energy
94806,MCE Clean Energy
94807,MCE Clean Energy
94820,MCE Clean Energy
94850,MCE Clean Energy
94901,MCE Clean Energy
94903,MCE Clean Energy
94904,MCE Clean Energy
94912,MCE Clean Energy
94913,MCE Clean Energy
94914,MCE Clean Energy
94915,MCE Clean Energy
94920,MCE Clean Energy
94922,Sonoma Clean Power
94923,Sonoma Clean Power
94924,MCE Clean Energy
94925,MCE Clean Energy
94927,Sonoma Clean Power
94928,Sonoma Clean Power
94929,MCE Clean Energy
94930,MCE Clean Energy
94931,Sonoma Clean Power
94933,MCE Clean Energy
94937,MCE Clean Energy
94938,MCE Clean Energy
94939,MCE Clean Energy
94940,MCE Clean Energy
94941,MCE Clean Energy
94942,MCE Clean Energy
94945,MCE Clean Energy
94945,Sonoma Clean Power
94946,MCE Clean Energy
94947,MCE Clean Energy
94948,MCE Clean Energy
94949,MCE Clean Energy
94950,MCE Clean Energy
94951,Sonoma Clean Power
94952,Sonoma Clean Power
94952,MCE Clean Energy
94953,Sonoma Clean Power
94954,Sonoma Clean Power
94955,Sonoma Clean Power
94956,MCE Clean Energy
94957,MCE Clean Energy
94960,MCE Clean Energy
94963,MCE Clean Energy
94964,MCE Clean Energy
94965,MCE Clean Energy
94966,MCE Clean Energy
94970,MCE Clean Energy
94971,MCE Clean Energy
94972,Sonoma Clean Power
94973,MCE Clean Energy
94974,MCE Clean Energy
94975,Sonoma Clean Power
94976,MCE Clean Energy
94977,MCE Clean Energy
94978,MCE Clean Energy
94979,MCE Clean Energy
94999,Sonoma Clean Power
95002,Silicon Valley Clean Energy
95008,Silicon Valley Clean Energy
95009,Silicon Valley Clean Energy
95011,Silicon Valley Clean Energy
95013,Silicon Valley Clean Energy
95014,Silicon Valley Clean Energy
95015,Silicon Valley Clean Energy
95020,Silicon Valley Clean Energy
95021,Silicon Valley Clean Energy
95023,Silicon Valley Clean Energy
95026,Silicon Valley Clean Energy
95030,Silicon Valley Clean Energy
95031,Silicon Valley Clean Energy
95032,Silicon Valley Clean Energy
95033,Silicon Valley Clean Energy
95035,Silicon Valley Clean Energy
95035,Ava Community Energy
95036,Silicon Valley Clean Energy
95037,Silicon Valley Clean Energy
95038,Silicon Valley Clean Energy
95044,Silicon Valley Clean Energy
95046,Silicon Valley Clean Energy
95050,Silicon Valley Clean Energy
95051,Silicon Valley Clean Energy
95052,Silicon Valley Clean Energy
95053,Silicon Valley Clean Energy
95054,Silicon Valley Clean Energy
95055,Silicon Valley Clean Energy
95056,Silicon Valley Clean Energy
95070,Silicon Valley Clean Energy
95071,Silicon Valley Clean Energy
95076,Silicon Valley Clean Energy
95101,Silicon Valley Clean Energy
95103,Silicon Valley Clean Energy
95106,Silicon Valley Clean Energy
95108,Silicon Valley Clean Energy
95109,Silicon Valley Clean Energy
95110,Silicon Valley Clean Energy
95111,Silicon Valley Clean Energy
95112,Silicon Valley Clean Energy
95113,Silicon Valley Clean Energy
95116,Silicon Valley Clean Energy
95117,Silicon Valley Clean Energy
95118,Silicon Valley Clean Energy
95119,Silicon Valley Clean Energy
95120,Silicon Valley Clean Energy
95121,Silicon Valley Clean Energy
95122,Silicon Valley Clean Energy
95123,Silicon Valley Clean Energy
95124,Silicon Valley Clean Energy
95125,Silicon Valley Clean Energy
95126,Silicon Valley Clean Energy
95127,Silicon Valley Clean Energy
95128,Silicon Valley Clean Energy
95129,Silicon Valley Clean Energy
95130,Silicon Valley Clean Energy
95131,Silicon Valley Clean Energy
95132,Silicon Valley Clean Energy
95133,Silicon Valley Clean Energy
95134,Silicon Valley Clean Energy
95135,Silicon Valley Clean Energy
95136,Silicon Valley Clean Energy
95138,Silicon Valley Clean Energy
95139,Silicon Valley Clean Energy
95140,Silicon Valley Clean Energy
95141,Silicon Valley Clean Energy
95148,Silicon Valley Clean Energy
95150,Silicon Valley Clean Energy
95151,Silicon Valley Clean Energy
95152,Silicon Valley Clean Energy
95153,Silicon Valley Clean Energy
95154,Silicon Valley Clean Energy
95155,Silicon Valley Clean Energy
95156,Silicon Valley Clean Energy
95157,Silicon Valley Clean Energy
95158,Silicon Valley Clean Energy
95159,Silicon Valley Clean Energy
95160,Silicon Valley Clean Energy
95161,Silicon Valley Clean Energy
95164,Silicon Valley Clean Energy
95170,Silicon Valley Clean Energy
95172,Silicon Valley Clean Energy
95173,Silicon Valley Clean Energy
95191,Silicon Valley Clean Energy
95192,Silicon Valley Clean Energy
95196,Silicon Valley Clean Energy
95377,Ava Community Energy
95391,Ava Community Energy
95401,Sonoma Clean Power
95402,Sonoma Clean Power
95403,Sonoma Clean Power
95404,Sonoma Clean Power
95405,Sonoma Clean Power
95406,Sonoma Clean Power
95407,Sonoma Clean Power
95409,Sonoma Clean Power
95412,Sonoma Clean Power
95416,Sonoma Clean Power
95419,Sonoma Clean Power
95421,Sonoma Clean Power
95425,Sonoma Clean Power
95430,Sonoma Clean Power
95431,Sonoma Clean Power
95433,Sonoma Clean Power
95436,Sonoma Clean Power
95439,Sonoma Clean Power
95441,Sonoma Clean Power
95442,Sonoma Clean Power
95444,Sonoma Clean Power
95445,Sonoma Clean Power
95446,Sonoma Clean Power
95448,Sonoma Clean Power
95450,Sonoma Clean Power
95452,Sonoma Clean Power
95461,MCE Clean Energy
95461,Sonoma Clean Power
95462,Sonoma Clean Power
95465,Sonoma Clean Power
95471,Sonoma Clean Power
95472,Sonoma Clean Power
95473,Sonoma Clean Power
95476,Sonoma Clean Power
95476,MCE Clean Energy
95480,Sonoma Clean Power
95486,Sonoma Clean Power
95487,Sonoma Clean Power
95492,Sonoma Clean Power
95497,Sonoma Clean Power
95616,MCE Clean Energy
95618,MCE Clean Energy
95620,MCE Clean Energy
95625,MCE Clean Energy
95687,MCE Clean Energy
95688,MCE Clean Energy
95690,MCE Clean Energy
95694,MCE Clean Energy
95696,MCE Clean Energy